Workbook

Sheet Mapping
A1: Functionality Mapping Table: Privacy-Preserving Offline Language-to-Visualization Conversion
A2: Status as of 2026-10-24. Yellow columns describe the LocalLens implementation. Source of truth: locallens/docs/PATENT_MAP.md and docs/ARCHITECTURE.md.
A4: Sr. No. | B4: Func. ID | C4: Section | D4: Functionality | E4: Description (as per patent) | F4: Patent Reference | G4: Category | H4: Implementation in Project | I4: Module / File | J4: Technology Used | K4: Status | L4: Evidence / Test Case | M4: Remarks / Gap Plan
A5: 1 | B5: F1 | C5: 1. Core Architecture & Privacy | D5: Fully Offline Execution | E5: System operates entirely on the local device without invoking remote or cloud-based processing services. | F5: Claims 1, 14; Embodiments (offline mode) | G5: Core | H5: The whole flow (read question, extract, query, analyse, chart, display) runs on the machine hosting the app. Models are local files; no cloud calls. | I5: core/pipeline.py; server/ | J5: FastAPI, llama-cpp-python, DuckDB, React | K5: Implemented | L5: scripts/check_offline.py (all network calls blocked, full flow still answers); tests/test_offline.py | M5: Downloading the two model files is a one-time online step before first use.
A6: 2 | B6: F2 | C6: 1. Core Architecture & Privacy | D6: Absolute Data Privacy | E6: Prevents transmission of NL queries, intermediate semantic representations, structured queries, or result sets outside the local device or trusted network boundary. | F6: Claims 1, 14; Embodiments (trusted local network boundary) | G6: Core | H6: Nothing is sent outside the server: no telemetry, no external fonts or scripts, strict content-security policy. Chats are private per user. | I6: server/app.py (security headers); server/security.py | J6: FastAPI, CSP headers | K6: Implemented | L6: check_offline.py; tests/test_server.py (headers, access tests) | M6: Runs on a trusted company network. HTTPS is not built in: put it behind a reverse proxy and set LOCALLENS_SECURE_COOKIES=1.
A7: 3 | B7: F3 | C7: 1. Core Architecture & Privacy | D7: Commodity Hardware Compatibility | E7: Pipeline runs on standard CPUs or edge processors within a constrained memory footprint, with no GPU required. | F7: Claim 12; Embodiments (CPU-only, quantized SLM) | G7: Dependent | H7: Qwen2.5-0.5B (4-bit) and a 35 MB embedding model run on CPU only (n_gpu_layers=0). Peak memory 1.0 GB with both models loaded. | I7: nlu/slm.py; nlu/embeddings.py | J7: llama-cpp-python, GGUF Q4_K_M | K7: Implemented | L7: Measured on Apple M5 (CPU): 1,017 MB peak after 96 questions. See Non-Functional sheet | M7: Not yet measured on a Windows 8 GB laptop.
A8: 4 | B8: F4 | C8: 1. Core Architecture & Privacy | D8: Low-Latency Operation | E8: SLM engine is optimised to generate the analytical visualization within a predefined latency threshold of less than two seconds from receipt of the query. | F8: Embodiments (latency threshold); Method (response time) | G8: Embodiment | H8: Median answer time about 0.75 s on the test machine; 95th percentile 1.5-1.9 s on the four question sets. A 30 s time limit stops a stalled model from hanging the server. | I8: nlu/slm.py (time budget); eval/run_eval.py | J8: Prompt trimmed to 2048 tokens, JSON-schema constrained decoding | K8: Partial | L8: python eval/run_eval.py --set gold|heldout|heldout2|heldout3 (latency line) | M8: Median is under 2 s, the slowest answers are not always. One machine only; under heavy load one question once took 376 s before the time limit was added.
A9: 5 | B9: F5 | C9: 2. User Interface & Interaction | D9: Natural Language Input | E9: UI (graphical, localhost web, or CLI) accepts free-form NL queries from non-technical users. | F9: Claims 1, 14; Step 202; UI (102) | G9: Core | H9: Local web interface (React). Free-form questions typed in a chat box; suggestion chips; works for non-technical users. | I9: web/src/pages/AskPage.tsx; server/routes_chat.py | J9: React 19, TypeScript, Vite, FastAPI | K9: Implemented | L9: Browser walkthrough with the real model; web tests (27) | M9: Browser only: no command-line or voice interface (the patent lists them as options).
A10: 6 | B10: F6 | C10: 2. User Interface & Interaction | D10: Query Pre-processing | E10: Syntactic validation, spelling normalization and semantic disambiguation before NLP; optional query suggestions and auto-completion. | F10: Embodiments; Method (pre-processing) | G10: Embodiment | H10: Spelling fixes against column names and synonyms; non-data messages are refused; ambiguous words trigger a clarifying question; starter suggestions; typeahead that finishes column names, synonyms and category values as you type. | I10: nlu/preprocess.py; nlu/typeahead.py; core/pipeline.py | J10: rapidfuzz, bge-small embeddings | K10: Implemented | L10: tests/test_heldout_fixes.py; tests/test_typeahead.py; tests/test_server.py (typeahead endpoint) | M10: Typeahead completes words from the dataset's vocabulary, not whole sentences.
A11: 7 | B11: F7 | C11: 2. User Interface & Interaction | D11: Iterative Refinement | E11: User feedback module takes refinement input and regenerates query and visualization based on detected ambiguities. | F11: Embodiments (user feedback / query refinement module) | G11: Embodiment | H11: Follow-ups ('now only for Technology', 'and for 2025') change only what they name and keep the rest of the previous question. Clarifying-question buttons when a term is ambiguous. Chart requests ('make it a pie chart') redraw the last answer without the model. | I11: core/pipeline.py (_carry_over, _chart_only); nlu/chart_request.py | J11: Rule-based merge on top of the model's frame | K11: Implemented | L11: tests/test_pipeline.py; tests/test_chart_request.py (28 tests) | M11: A context-loss bug in follow-ups was found and fixed on 2026-10-22.
A12: 8 | B12: F8 | C12: 2. User Interface & Interaction | D12: Preference Persistence | E12: Locally stores user preferences (chart style, aggregation defaults, sorting) and applies them to later visualizations. | F12: Embodiments (persisted preferences) | G12: Embodiment | H12: Per-user saved preferences: sort order, chart type per question type, and default aggregation (used when a question does not say total, average, etc.). Applied to every later answer. | I12: server/routes_chat.py (prefs); core/prefs.py; web SettingsPage | J12: SQLite per-user JSON | K12: Implemented | L12: tests/test_server.py::test_preferences, test_default_aggregation_preference; tests/test_default_agg.py | M12: Chart-type choices exist only for question types with a real alternative (trend, comparison, ranking, proportion). Distribution and summary have one chart that fits, so no choice is offered.
A13: 9 | B13: F9 | C13: 3. On-Device SLM Engine | D13: Entity Extraction | E13: Token analysis extracts metrics (revenue, sales), dimensions (region, department) and temporal parameters (year, month). | F13: Claims 1, 2, 3; Step 204 | G13: Dependent | H13: The model fills a typed frame (metric, dimension, time range, filters); rules ground each field in words actually in the question. | I13: nlu/slm.py; query/frame.py; core/pipeline.py | J13: Qwen2.5-0.5B, JSON-schema grammar | K13: Implemented | L13: eval/ gold set 100% (tuned); held-out sets 78%/85%/83% first run | M13: On new questions expect about 80-85% correct (see docs/EVAL.md).
A14: 10 | B14: F10 | C14: 3. On-Device SLM Engine | D14: Schema-Aware Mapping | E14: Extracted tokens are normalized and mapped to schema metadata (tables, columns, relationships) of the local repository; stored in a structured intermediate representation. | F14: Claim 3; Embodiments (schema registry) | G14: Dependent | H14: A schema registry maps words to columns, tables and joins (tags, synonyms, descriptions). The extracted fields are stored in a fixed-field frame before any SQL exists. | I14: data/registry.py; query/frame.py | J14: Pydantic, JSON registry | K14: Implemented | L14: tests/test_core.py; tests/test_autoprep.py | M14: Editable on the Columns page. Replaces the earlier 'unsure' note: this is built.
A15: 11 | B15: F11 | C15: 3. On-Device SLM Engine | D15: Intent Classification | E15: Classifies objective into one of six intents: trend, comparison, distribution, proportion, ranking, aggregation summary; assigns a predefined intent ID. | F15: Claims 1, 4; Step 206 | G15: Dependent | H15: Six intents (trend, comparison, distribution, proportion, ranking, summary), chosen by keyword rules plus the model, stored as a fixed intent ID in the frame. | I15: nlu/rules.py; nlu/slm.py | J15: Rules + Qwen2.5-0.5B | K15: Implemented | L15: tests/test_core.py; eval chart/intent accuracy | M15: No separate trained classifier head (the description mentions one as an option).
A16: 12 | B16: F12 | C16: 3. On-Device SLM Engine | D16: Domain Adaptation | E16: SLM fine-tuned and adapted using locally stored embeddings for industry terminology (finance, healthcare, logistics, etc.). | F16: Claim 7; Embodiments (domain fine-tuning) | G16: Dependent | H16: Domain-adapted via locally stored embeddings and a semantic layer: custom metrics, calculated columns, business rules, descriptions, and verified examples shown to the model. Embeddings match unfamiliar words by meaning. | I16: nlu/embeddings.py; data/semantic.py; data/registry.py | J16: bge-small-en-v1.5 (Q8 GGUF), sqlglot-checked formulas | K16: Implemented | L16: tests/test_embeddings.py; tests/test_semantic.py; docs/EVAL.md (73% to 83% on held-out set 3) | M16: Fine-tuning the model itself (described embodiment, not in claim 7) is deliberately not done.
... A21: 17 | B21: F17 | C21: 5. Result Analysis & Visualization | D21: Rule-Based Visualization Mapping | E21: Applies predefined rule mappings (intent + structure) to select the visualization configuration automatically. | F21: Claims 1, 9, 10; Step 214 | G21: Core | H21: A rules file maps intent plus result shape to a chart; the first matching rule wins. User preferences and explicit chart requests can override within what fits. | I21: viz/charts.py; viz/charts_rules.yaml | J21: YAML rules, Python | K21: Implemented | L21: tests/test_core.py; tests/test_eval_gold.py (chart type 100% on gold set) | M21: Earlier sheet said Missing/doubt; it is built.
A22: 18 | B22: F18 | C22: 5. Result Analysis & Visualization | D22: Rule: Temporal Data to Line Chart | E22: Temporal sequential data maps to line charts. | F22: Claim 11; Embodiments | G22: Dependent | H22: Trend questions with dates give a line chart (one line per category when there is a category). | I22: viz/charts_rules.yaml | J22: Vega-Lite | K22: Implemented | L22: tests/test_core.py
A23: 19 | B23: F19 | C23: 5. Result Analysis & Visualization | D23: Rule: Categorical Aggregates to Bar Chart | E23: Categorical aggregated data maps to bar charts. | F23: Claim 11; Embodiments | G23: Dependent | H23: Category comparisons give a bar chart; rankings a horizontal bar chart. | I23: viz/charts_rules.yaml | J23: Vega-Lite | K23: Implemented | L23: tests/test_core.py
A24: 20 | B24: F20 | C24: 5. Result Analysis & Visualization | D24: Rule: Proportion Analysis to Pie/Donut | E24: Proportion analysis maps to pie or donut charts. | F24: Embodiments (rule mappings) | G24: Embodiment | H24: Proportion questions give a donut chart (up to 6 slices, otherwise bars). | I24: viz/charts_rules.yaml | J24: Vega-Lite | K24: Implemented | L24: tests/test_core.py | M24: Earlier sheet said Missing; it is built.
A25: 21 | B25: F21 | C25: 5. Result Analysis & Visualization | D25: Rule: Distribution Analysis to Histogram | E25: Distribution analysis maps to histograms. | F25: Embodiments (rule mappings) | G25: Embodiment | H25: Distribution questions give a histogram, binned for display. | I25: viz/charts_rules.yaml; server/serialize.py | J25: Vega-Lite | K25: Implemented | L25: tests/test_core.py | M25: Earlier sheet said Missing; it is built. Fixed bin rule, not variance-based.
A26: 22 | B26: F22 | C26: 5. Result Analysis & Visualization | D26: Rendering Parameter Generation | E26: Outputs machine-readable parameters: chart type ID, axis mappings, aggregation instructions, sort config, color palettes, legends. | F26: Claim 10; Embodiments (JSON viz schema) | G26: Dependent | H26: Each answer carries a machine-readable Vega-Lite chart spec: chart type, axis mappings, sort, colours and legend, plus the frame (aggregation) and a reason text. | I26: viz/charts.py; server/serialize.py | J26: Vega-Lite JSON | K26: Partial | L26: tests/test_core.py; browser walkthrough | M26: No tick-interval, smoothing, gradient or annotation settings; interactive tooltips only.
A27: 23 | B27: F23 | C27: 5. Result Analysis & Visualization | D27: Default Policy Enforcement | E27: Applies a default visualization selection policy when intent cannot be conclusively classified. | F27: Embodiments (default visualization policy) | G27: Embodiment | H27: When no rule matches, a table plus a best-guess bar chart is shown. Explicit chart requests that do not fit are refused with a plain explanation. | I27: viz/charts.py | J27: Python | K27: Implemented | L27: tests/test_core.py; tests/test_chart_request.py
A28: 24 | B28: F24 | C28: 6. Rendering & Integration | D28: Direct Display Rendering | E28: Sends result set and visualization config directly to a local rendering engine to display the chart on screen. | F28: Claims 1, 14; Step 216 | G28: Core | H28: The result and chart spec go straight to the browser, which draws the chart locally (no remote chart service). | I28: web/src/Chart.tsx; server/serialize.py | J28: vega-embed with vega-interpreter (no eval) | K28: Implemented | L28: Browser walkthrough; CSP check | M28: Financial-year axis labels (FY25, Q1 FY25) are drawn when the dataset uses an April start.
A29: 25 | B29: F25 | C29: 6. Rendering & Integration | D29: BI Tool Integration | E29: API adapter passes data and visualization config to locally accessible BI tools such as Tableau or Microsoft Power BI. | F29: Claim 13; Embodiments | G29: Dependent | H29: 'Open in Power BI' makes a Power BI project (.pbip) with the data and a chart configured through explicit model measures. On Windows, a one-time helper registers a locallens:// link so one click downloads the project and opens it in Power BI Desktop; elsewhere the project downloads. Built behind an adapter interface so Tableau could be added. | I29: viz/adapters.py; viz/export_pbi.py; server/helper.py; server/links.py | J29: Power BI project format (TMDL + PBIR JSON) | K29: Partial | L29: tests/test_export_pbi.py (15); tests/test_helper.py (9); scripts/validate_pbip.py (Microsoft schema check) | M29: NOT yet opened in Power BI Desktop and the helper is untested on Windows (needs the Windows laptop). A first version drew no chart because implicit measures were off; fixed with explicit measures, unconfirmed. Still a file export, not a live API call. No Tableau.
A30: 26 | B30: F26 | C30: 1. Core Architecture & Privacy | D30: Access Control | E30: Restricts query execution and visualization generation by user authentication or role-based authorization. | F30: Embodiments (access control module) | G30: Embodiment | H30: Login with hashed passwords, sessions, lockout, admin and user roles, private and shared datasets, private chats, audit log. | I30: server/auth.py; server/security.py; server/routes_auth.py | J30: scrypt, SQLite, HttpOnly cookies | K30: Implemented | L30: tests/test_server.py (access and role tests) | M30: No single sign-on; passwords are reset by an administrator.

Sheet Summary
A1: Coverage Summary
A3: Partial credit weight (assumption: a Partial item counts as this fraction of an Implemented item) | F3: 0.5
A5: Section | B5: Total | C5: Implemented | D5: Partial | E5: Not Implemented | F5: Pending (status not filled) | G5: Coverage % (weighted)
A6: 1. Core Architecture & Privacy | B6: =COUNTIF(Mapping!$C$5:$C$30,A6) | C6: =COUNTIFS(Mapping!$C$5:$C$30,A6,Mapping!$K$5:$K$30,"Implemented") | D6: =COUNTIFS(Mapping!$C$5:$C$30,A6,Mapping!$K$5:$K$30,"Partial") | E6: =COUNTIFS(Mapping!$C$5:$C$30,A6,Mapping!$K$5:$K$30,"Not Implemented") | F6: =B6-C6-D6-E6 | G6: =IF(B6=0,0,(C6+$F$3*D6)/B6)
A7: 2. User Interface & Interaction | B7: =COUNTIF(Mapping!$C$5:$C$30,A7) | C7: =COUNTIFS(Mapping!$C$5:$C$30,A7,Mapping!$K$5:$K$30,"Implemented") | D7: =COUNTIFS(Mapping!$C$5:$C$30,A7,Mapping!$K$5:$K$30,"Partial") | E7: =COUNTIFS(Mapping!$C$5:$C$30,A7,Mapping!$K$5:$K$30,"Not Implemented") | F7: =B7-C7-D7-E7 | G7: =IF(B7=0,0,(C7+$F$3*D7)/B7)
A8: 3. On-Device SLM Engine | B8: =COUNTIF(Mapping!$C$5:$C$30,A8) | C8: =COUNTIFS(Mapping!$C$5:$C$30,A8,Mapping!$K$5:$K$30,"Implemented") | D8: =COUNTIFS(Mapping!$C$5:$C$30,A8,Mapping!$K$5:$K$30,"Partial") | E8: =COUNTIFS(Mapping!$C$5:$C$30,A8,Mapping!$K$5:$K$30,"Not Implemented") | F8: =B8-C8-D8-E8 | G8: =IF(B8=0,0,(C8+$F$3*D8)/B8)
A9: 4. Query Generation & Execution | B9: =COUNTIF(Mapping!$C$5:$C$30,A9) | C9: =COUNTIFS(Mapping!$C$5:$C$30,A9,Mapping!$K$5:$K$30,"Implemented") | D9: =COUNTIFS(Mapping!$C$5:$C$30,A9,Mapping!$K$5:$K$30,"Partial") | E9: =COUNTIFS(Mapping!$C$5:$C$30,A9,Mapping!$K$5:$K$30,"Not Implemented") | F9: =B9-C9-D9-E9 | G9: =IF(B9=0,0,(C9+$F$3*D9)/B9)
A10: 5. Result Analysis & Visualization | B10: =COUNTIF(Mapping!$C$5:$C$30,A10) | C10: =COUNTIFS(Mapping!$C$5:$C$30,A10,Mapping!$K$5:$K$30,"Implemented") | D10: =COUNTIFS(Mapping!$C$5:$C$30,A10,Mapping!$K$5:$K$30,"Partial") | E10: =COUNTIFS(Mapping!$C$5:$C$30,A10,Mapping!$K$5:$K$30,"Not Implemented") | F10: =B10-C10-D10-E10 | G10: =IF(B10=0,0,(C10+$F$3*D10)/B10)
A11: 6. Rendering & Integration | B11: =COUNTIF(Mapping!$C$5:$C$30,A11) | C11: =COUNTIFS(Mapping!$C$5:$C$30,A11,Mapping!$K$5:$K$30,"Implemented") | D11: =COUNTIFS(Mapping!$C$5:$C$30,A11,Mapping!$K$5:$K$30,"Partial") | E11: =COUNTIFS(Mapping!$C$5:$C$30,A11,Mapping!$K$5:$K$30,"Not Implemented") | F11: =B11-C11-D11-E11 | G11: =IF(B11=0,0,(C11+$F$3*D11)/B11)
A12: TOTAL | B12: =SUM(B6:B11) | C12: =SUM(C6:C11) | D12: =SUM(D6:D11) | E12: =SUM(E6:E11) | F12: =SUM(F6:F11) | G12: =IF(B12=0,0,(C12+$F$3*D12)/B12)

Sheet Non-Functional Reqs
A1: Non-Functional Requirements: Targets vs Measured
A3: Requirement | B3: Target (from patent draft) | C3: Measured Value (fill in) | D3: Met? (Yes/No) | E3: How Measured / Evidence
A4: End-to-end latency | B4: < 2 seconds, query to displayed chart | C4: Median 0.74-0.76 s; 95th percentile 1.47-1.86 s; slowest single answer 2.6 s (4 question sets, 168 questions) | D4: Partly | E4: python eval/run_eval.py --set gold|heldout|heldout2|heldout3, 2026-10-24, Apple M5, CPU, warm model. Median meets the target; the slowest answers do not always. Other machines not measured.
A5: Hardware | B5: CPU only, no dedicated GPU required | C5: CPU only (n_gpu_layers=0) | D5: Yes | E5: src/locallens/nlu/slm.py line 101; all runs above on CPU
A6: Memory footprint | B6: Below about 4 to 8 GB RAM | C6: 1,017 MB peak (language model + embedding model, 96 questions) | D6: Yes | E6: resource.getrusage peak RSS after running the 48-question gold set twice with both models loaded, 2026-10-24. Server and browser add a little; not measured on an 8 GB Windows laptop.
A7: SLM parameter size | B7: About 50M to 500M parameters (below a defined threshold) | C7: 0.49 billion (494M) parameters | D7: Yes | E7: Qwen2.5-0.5B-Instruct. At the top of the 50M-500M range.
A8: Quantization | B8: 8-bit or 4-bit quantized model | C8: 4-bit (Q4_K_M) language model; 8-bit (Q8_0) embedding model | D8: Yes | E8: models/qwen2.5-0.5b-instruct-q4_k_m.gguf (491 MB); models/bge-small-en-v1.5-q8_0.gguf (37 MB)
A9: Context window | B9: Predefined maximum context window | C9: 2048 tokens; prompt trimmed to fit, 320 reserved for the answer | D9: Yes | E9: SLM(n_ctx=2048); _fit() in nlu/slm.py
A10: Offline operation | B10: Full flow works with no internet connectivity | C10: Works with network blocked | D10: Yes | E10: python scripts/check_offline.py: blocks socket connections, asks 3 questions, all answered; tests/test_offline.py
A11: Network privacy | B11: Zero outbound connections during the full flow | C11: 0 connections in the check; no telemetry in code | D11: Yes | E11: check_offline.py raises on any connect attempt. Software-level proof only: no packet capture was done.
A12: Determinism | B12: Same query and data give the same SQL and chart | C12: 48/48 questions identical on two runs | D12: Yes | E12: Temperature 0; ran the gold set twice and compared frame, SQL and chart type, 2026-10-24

Sheet Legend & Example
A1: How to use this workbook
A3: 1. Go to the 'Mapping' sheet. Columns A to G are pre-filled from the patent draft and the requirements list.
A4: 2. Fill the yellow columns H to M for every row: how you implemented it, the file/module, technology, status, evidence and remarks.
A5: 3. Status must be one of: Implemented (fully working and demonstrable), Partial (works in limited form; explain in Remarks), Not Implemented (give reason and plan).
A6: 4. The 'Summary' sheet recalculates automatically from the Status column. Coverage % counts Partial items at the weight set in Summary!F3 (assumed 0.5).
A7: 5. Fill measured values on 'Non-Functional Reqs' (for example latency in seconds) so each target has evidence.
A8: 6. Category: Core = independent claims 1 and 14; Dependent = dependent claims 2 to 13; Embodiment = described in the detailed description but not claimed.
A10: Example of a filled row (illustrative only, not your project data)
A11: Func. ID | B11: Functionality | C11: Implementation in Project | D11: Module / File | E11: Technology Used | F11: Status | G11: Evidence / Test Case | H11: Remarks / Gap Plan
A12: F15 | B12: Template-Based Query Formation | C12: SQL templates populated with extracted metric, dimension and time fields | D12: query_builder.py | E12: Jinja2, DuckDB | F12: Implemented | G12: TC-07, Screenshot 3 | H12: None
